"Alphabet";"Buchstaben";"Wörter";"ABC ";"Sprache";"Deutsch";
"Apple";"Marke";"Handy";"Tablet";"Apfel";"Kopfhörer";"Android"
"Ausbildung";"Schule";"lernen";"Beruf";"Erste Hilfe";"Prüfung";
"Auto";"fahren";"Transport";"Reifen";"Wagen";"Volkswagen";
"Bedürfnisse";"Essen";"Trinken";"Schlaf";"Schutz";"etwas brauchen";
"Behinderung";"Einschränkung";"gesund";"Rollstuhl";"Krankheit";"Medizin";"Parkplatz"
"Beteiligung";"entscheiden";"mitbestimmen";"mitmachen";"wählen";"gemeinsam";
"Bett";"schlafen";"Sex";"Nacht";"liegen";"pennen";
"Bildung";"Schule";"lernen";"Bücher";"Wissen";"Hausaufgaben";
"Bootsbauer";"Fluss";"Angeln";"Beruf";"Handwerk";"Industriell";
"Bremsscheibe";"Auto";"Rad ";"Kaputt";"Reifen";"anhalten";"Metall"
"Buchbinder ";"zerfleddert";"Ordentlich";"Seiten";"Beruf";"Umschlag";
"Couch";"Sofa";"sitzen";"fernsehen";"chillen";"Wohnzimmer";
"Deutschland";"Heimatland";"Bundesländer";"Europa";"Angela Merkel";"Demokratie";
"Diskriminierung";"Unterschiede";"Nazis";"Gleichheit";"ausschließen";"Mobbing";
"Durst";"trinken";"Wasser";"Flüssigkeit";"Sommer";"trocken";
"Entspannung";"Wellness";"Massage";"Ruhe";"chillen";"Musik";
"Ernährung";"Essen";"Trinken";"gesund";"Gemüse";"Döner";
"Fastfood";"Burger King";"McDonalds";"Burger";"Schnellessen";"Unterwegs";
"Ferien";"Sommer";"6 Wochen";"Zeltlager";"Frei";"Zeugnis";"Schüler"
"Fernseher";"Television";"Radio";"schauen";"Filme";"Netflix";"Nachrichten"
"Feuerwehrmann";"Feuer";"Blaulicht";"brennt";"Unfall";"Sturm";"Johannes"
"Flüchtling";"Asyl";"Ausländer";"Verfolgung";"Krieg";"ohne Zuhause";
"Foto";"Handy";"Album";"Bild";"Kamera";"knipsen";
"Freizeit";"Hobby";"Klavier spielen";"Sport machen";"Ausflüge";"Nichts tun";
"Friseur";"Haarstylist";"Schneiden";"Farbe";"Umhang";"Frisur";
"Gehalt";"Geld";"Lohn";"Arbeit";"Monat";"bekommen";
"Geheimnis";"heimlich";"schweigen";"für sich behalten";"Freunde";"verstecken";
"Geist";"klein";"Gespenst";"Schloss/Burg";"Verkleidung";"weiß";
"Geschwister";"Bruder";"Schwester";"verwandt";"Familie";"Streit";
"Gesetz";"Regeln";"Gericht";"Gefängnis";"Vorschrift";"Politik";
"Gewalt";"schlagen";"treten";"Schmerzen";"beschimpfen";"ärgern";
"gewaltfrei";"Frieden";"hauen";"Beschimpfung";"Konflikt";"Angst";
"Glasreiniger";"Spray";"putzen";"Haushalt";"säubern ";"Durchblick";
"Gleichheit";"ähnlich";"Übereinstimmung";"genauso";"Verschiedenheit";"Gesetz";
"Hase";"Ohren";"Ostern";"Möhre";"Kötel";;
"Hilfe";"Notruf";"Feuerwehr";"Polizei";"Erste Hilfe";"Unfall";
"Hotel";"Unterkunft";"Schlafen";"Urlaub";"5 Sterne";"Roomservice";
"Hund";"Hildegard";"bellen";"Wuff";"spazieren";;
"Identität";"ich";"Heimat";"Personalausweis";"Geburtsdatum";;
"IKEA";"Schweden";"Möbelhaus";"Hot-Dogs";"Kotbullar";"Billy";"Einrichtung"
"Imker";"Honig";"Vegan";"Bienen";"Produktion";"Beruf";
"Informatiker";"wir";"Computer";"programmieren";"Software";"Hardware";
"Information";"Wikipedia";"Bücher";"Lehrer";"Zeitung";"Internet";
"Katze";"Tier";"Hund";"Miau";"gemein ";"haarig";"schnurren"
"Kerze";"Romantik";"Duft";"Licht";"Schein";;
"Kind";"Eltern";"jung";"Baby";"minderjährig";"erwachsen";"Sex"
"Kleidung";"Hose";"Hemd";"Schuhe";"warm";"anziehen";
"Koffein";"Kaffee";"Schwarztee";"Wach macher";"Trinken";"Belebend";
"Kopfhörer";"Funk";"Bluetooth";"Ohren";"Musik";"Geräusche";"hören"
"krank";"gesund";"Arzt";"Medikamente";"Schnupfen";"Grippe";
"Krankenhaus";"Arzt";"gesund";"besuchen";"übernachten";"Untersuchungen";
"Krankheit";"Arzt";"Medikamente";"Apotheke";"Krankenschein";"Erholung";
"Krieg";"Frieden";"Waffen";"Gewalt";"Welt";"Soldaten";
"Ladegerät";"USB";"Strom";"Kabel";"Akku/Batterie";"Streckdose";"Smartphone"
"Laptop";"vor mir";"Computer";"tragbar";"Akku";"PC";"Rechner"
"lernen";"Vokabeln";"Schule";"auswendig";"lesen";"schreiben";
"Liebe";"verliebt sein";"Hass";"Liebesbrief";"Herz";"Mama und Papa";
"Logopädie";"Therapie";" Beruf";"Sprache";"Sprechen";"Lernen";
"Luftbefeuchter";"trocken";"Wasser";"Gerät";"Strom";"Schlafzimmer";"Dampf"
"Mädchen";"Junge";"Rock";"Zopf";"Frau";"weiblich";
"Marvel";"Avengers";"Filme";"Comic";"Superhelden";"Stan Lee";
"Medizin";"Tabletten";"Spritze";"Arzt";"Gesundheit";"krank sein";
"Meinung";"Einstellung";"Klassensprecher";"Abstimmung";"Standpunkt";"Ansicht";
"Minderheit";"Mehrzahl";"klein";"Teil";"wenig";"viel";
"Nächstenliebe";"sich kümmern";"gutmütig";"nett sein";"helfen";"unterstützen";
"Name";"Spitzname";"Identität";"Familie";"Heißen";"Tiere";
"Paris";"Frankreich";"Eiffelturm";"Hauptstadt";"Nachbarland";"Emmanuel Macron";
"Park";"Baum";"Bank";"Gras";"sitzen";"spielen";"spazieren"
"Pferd";"reiten";"groß";"Tier";"Sattel";"Zucker";"Fury"
"Pilot";"Flugzeug";"Flieger";"Beruf";"reisen";"fliegen";
"Playstation";"spielen";"sucht";"Sony";"Konsole";"TV";
"Politik";"Angela Merkel";"Gesetze";"Regierung";"Macht";"Bestimme";
"Privatsphäre";"Ich";"alleine";"Facebook";"Schlafzimmer";"Klo";
"Regeln";"Vereinbarung";"Schule";"brechen";"Gruppenvertrag";"Muss";
"reich";"eine Millionen";"Geld";"arm";"viel";"Dagobert Duck";
"Restaurant";"Lokal";"essen";"Abendessen";"Mittagessen";"Freunde";
"Schlafen";"Nachts";"Augen zu";"Bett";"Geschichte";"Licht aus";
"Schokolade";"essen";"süß";"Tafel";"Kakao";"Milka";
"Schranke";"Bahn";"Archiv";"Gleis";"sperren";"rot/weis";"klappen"
"Schutz";"Regenschirm";"Sonnencreme";"Schild";"Schoner";"Schutzblech";
"Sport";"Bewegung";"Fußball";"Mannschaft";"Pokal";"Vergnügen";
"Sprache";"Deutsch";"Wörter";"verstehen";"unterschiedlich";"sprechen";"Länder"
"Standesamt";"Gesetz";"Trauung";"Hochzeit";"Brautpaar";"Rathaus";
"Streit";"jemanden ärgern";"Prügelei";"uneinig";"Gemeinheiten";"gegeneinander";
"Stuhl";"sitzen";"Büro";"Tisch";"Bein";"Po";
"Supermarkt";"kaufen";"Geschäft";"Essen";"Einkaufszentrum";;
"Tattoo";"Nadel";"Farbe";"Körperschmuck";"Bemalung";"Bilder";
"Teppich";"Boden";"Flecken";"Staubsauger";"Wohnung";"kalt";"warm"
"Thermostat";"Heizung";"Temperatur";"drehen";"Smarthome";"klemmt";
"Tischtuch";"Möbel";"Essen";"Stoff";"Decke";"Mahlzeit ";
"Toilettenpapier ";"ausverkauft ";"vergriffen";"Badezimmer";"Hamsterkäufe";;
"Trinkwasser";"Schild";"Durst";"leben";"Hahn";"Löschen";
"UNICEF";"Hilfsorganisation";"Menschenrechte";"Hilfe";"Arme";"Weihnachtskarten";
"Urlaub";"Hotel";"Strand";"Sightseeing";"Verreisen";" Meer";
"UV-Schutz";"Sonnencreme";"eincremen";"Haut";"Sonnenbrand";"Sommer";
"Vase";"Blumen";"Dekoration";"Wasser";"Glas";"blühen";
"Zahnarzt";"Angst";"bohren";"Mund";"Gebiss";"Kiefer";"Bonusheft"
"Zuhause";"Haus";"Wohnung";"Familie";"Kinderzimmer";"Haustier";
"Zukunft";"Vergangenheit";"später";"Aussicht";"Zeit";"Jetzt";
"taumeln";"wanken";"langsam";"laufen";"besoffen";"gerade";
"Brustvergrößerung";"Busen";"Oberweite";"Operation";"Plastik";"Silikon";
"Bilanz";"Aktiva";"Passiva";"Anlagevermögen";"Eigenkapital";;
"Ehevertrag";"heiraten";"aufsetzen";"Scheidung";"Besitz";"aufteilen";
"Gemische Sauna";"Männer";"Frauen";"heiß";"schwitzen";"Aufguss";
"Schwangerschaftstest";"Baby";"Apotheke";"Frau";"Stift";"Urin";
"Verhütungsmittel";"Pille";"Kondom";"Spirale";"Diaphragma";"Aids";"Sex"
"Luxusbedürfnis";"Yacht";"Vegan";"Reichtum";"Porsche";;
"Steuern";"Prozent";"Staat";"Abgaben";"Einkommen";"Brutto/Netto";
"Unternehmen";"Kunde";"Firma";"Produktion";"Dienstleistung";"kaufen";
"Ritter";"Pferd";"kämpfen";"Rüstung";"reiten";"Mann";
"Schwert";"kämpfen";"Eisen";"lang";"Ritter";"Waffe";
"Schmied";"Handwerk";"Eisen";"Hammer";"Schwert";"Rüstung";
"Kerker";"Verbrecher";"Gefängnis";"Strafe";"Burg";"dunkel";
"Pest";"krank";"Ausschlag";"Tod";"Menschen";"sterben";"Cholera"
"Thron";"König";"Saal";"sitzen";"Stuhl";"Gold";
"Abgeordneter";"Bundestag";"Mitglied";"Parlament";"Mandat";"Politiker";
"Bundespräsident";"Staatsoberhaupt";"Deutschland";"Schloss Bellevue";"Bundesversammlung";;
"Bürgermeister";"Stadt";"Leitung";"Gemeinde";"Kommune";"Repräsentation";
"Zugvogel";"Fliegen";"Sommer";"Winter";"Herbst";"Frühling";"Süden"
"Geodreieck";"Geometrie";"zeichnen";"Dreieck";"Lineal";"Winkel";
"Zirkel";"Kreis";"Hilfe";"spitz";"Radius";"Durchmesser";"rund"
"Pyramide";"Pharao";"Dreieck";"Ägypten";"Wüste";"Bauwerk";"Steine"
"Strom";"Kabel";"Wärme";"Elektrizität";"Magnetismus";"Fließen";"+/-"
"Kupferdraht";"Leitfähigkeit";"Internet";"Dünn";"Widerstand";"Strom";"braun"
"Magnet";"Anziehung";"Nord-/Südpol";"Kompass";"Abstoßung";"Kraft";"Rot/Blau"
"Quecksilber";"Giftig";"Thermometer";"Flüssig";"silberfarben";"Metall";
"Sprinkleranlage";"Feuer";"Röhrchen";"Platzen";"Ausdehnung";"Sprengflüssigkeit";"Wasser"
"Streichholz";"Feuer";"Streichholzkopf";"Schachtel";"Anzünden";"Reibfläche";
"Löschdecke";"Roter Kasten";"Feuer";"Wand";"Physikraum";"Stoff";
"Shampoo";"Schaum";"Wasser";"Haarreinigung";"Konzentrat";"duschen";"Haare"
"Friseursalon";"Raum";"Bedienung";"schneiden";"Haare";"Kopf";"Dieter"
"Handschellen";"Handgelenk";"Räuber";"Polizei";"Gefängnis";"Goldene 8";"verhaften"
"Erdbeben";"Erde";"schlimm";"Erdplatten";"Tektonik";"Spalte";
"Klimawandel ";"Erderwärmung";"Treibhaus";"Verantwortung";"Gletscher";"Fridays for Future";
"Gewitter";"Blitz";"Donner";"Himmel";"Angst";"Regen";"Hell"
"Zentner";"Gewicht";"Pfund";"Kilo";"Gramm";"wiegen";
"Gesangbuch";"Lied";"Orgel";"Nummer";"Kirche";"Bibel";
"Grüßen";"Freundlich";"Begegnen";"Hut";"Winken";"zunicken";
"Vorspeise";"Suppe";"Salat";"Menü";"Hauptgang";"Restaurant";
"Theater";"Machen";"Schauspieler";"Bühne";"Kino";"Vorstellung";
"Elfen";"Wünschen";"Feen";"tanzen";"Flügel";"Wald";
"Himmel";"blau";"Wolken";"Gott";"Erde";"Regen";
"Bankier";"Geld";"Konto";"leihen";"Darlehen";"Finanzen";
"Pass";"Ausweis";"Visum";"Zuspiel";"Fußball";"Foto";
"Orchester";"Symphonie";"Musik";"Dirigent";"Graben";"Konzert";
"Gurke";"Gemüse";"lang ";"grün";"sauer";"Salat";
"Skat";32;"reizen";"Karten";"spiel";"drücken";
"Kahl";"Haare";"Glatze";"Hannes";"Kojak";"Perücke";
"Postkarte";"Absenden";"Briefmarke";"Urlaub";"schicken";"Anschrift";
"Tanne";"Baum";"Wald";"Pflanze";"Weihnachten";"Nadeln";
"Luxemburg";"Land";"Europa";"RTL";"Benelux";"Graf";
"Frühstück";"Morgens";"EI";"Mittags";"Mahlzeit";"essen";
"Picknick";"Korb";"Decke";"Ausflug";"Ameisen";"essen";
"Skateboard";"rollen";"Brett";"Surfen";"Straße";"Räder";
"Sylt";"Insel";"Prominenz";"Campen";"nackt";"Stand";"Aufkleber"
"Souvenir";"Andenken";"mitbringen";"Reise";"schenken";"erinnern";
"Popcorn";"Tüte";"Mais";"Kirmes";"essen";"Rummel";"Kino"
"Lack";"Farbe";"Pinsel";"Wand";"Holz";"Maler";
"Lilie";"Blumen";"weiß";"Strauß";"Blüte";"Stengel";"Pflanze"
"Zuschauer";"unbeteiligt";"Publikum";"neugierig";"herumstehen";"Bühne";
"kitzeln";"Füße";"Rippen";"Arme";"lachen";"Feder";
"Irrgarten";"Labyrinth";"Faden";"Ariadne";"verlaufen";"heraus";
"Achterbahn";"Kirmes";"Zaunpfahl";"Karussell";"Looping";"fahren";
"Batterie";"Strom";"Taschenlampe";"aufladen";"Akku";"Radio";
"Geburtsurkunde";"Standesbeamter";"Datum";"Dokument";"Namen";"Beweis";
"Winken";"Hand ";"Zaunpfahl";"Zeichen";"wedeln";"grüßen";
"Lebensretter";"Strand";"Schwimmbad";"bergen";"ertrinken";"DLRG";"Feuerwehr"
"Oper";"singen";"Arie";"Phantom";"Bühne";"Ouvertüre";
"Tapete";"Wand";"Papier";"Seide";"Kleister";"kleben";
"Visitenkarte";"Name";"Adresse";"Telefon";"übergeben";"Geschäft";
"Matratze";"Bett";"Schlafen";"Rosshaar";"Kissen";"horchen";
"Vulkan";"Ätna";"Lava";"Ausbrechen";"Asche";"Vesuv";
"Backstein";"Haus";"Bauen";"Maurer";"Gebrannt";"Klinker";
"Gefängnis";"Arrest";"Zuchthaus";"Strafe";"Zelle";"sitzen";
"Big Ben";"Uhr ";"London";"England";"Westminster";"schlagen";
"Ballerina";"Tanzen";"Prima";"Spitzen ";"Zehen";"Schuhe";
"Geheimnis";"Verraten";"Spion";"Süß";"Öffentlich";"Bekannt";
"Schwanger ";"Mutter";"Kind";"Monat";"Tragen";"Umstände";
"Comics";"Bilder";"Gezeichnet";"Geschichte";"Peanuts";"Superhelden";
"Beutel";"Tüte";"Sack";"Känguru";"Schleim";"Müll";
"Straße";"Fahrbahn";"Weg";"Allee ";"Fahren";"Kreuzung";
"Jo-Jo";"Spielzeug";"auf ";"ab ";"drehen";"Faden";
"Bernhardiner";"Hund";"suchen";"Lawine";"Fässchen";"Schnee";
"Scheune";"Bauernhof";"Gebäude";"Vieh";"Tor";"Heuboden";
"Operation";"Chirurg";"Skalpell";"schneiden";"Krankenhaus";"Unternehmen";
"Pizza";"Italiener";"Salami";"Belag";"Backen";"Ofen";
"Sonnenbrand";"Rot ";"Haut ";"Entzündung";"Schatten";"Braun";
"Kater";"Katze";"Haustier";"Kopfschmerzen";"Trinken";"Morgens";
"Frack";"Smoking";"Pinguin";"Vornehm";"Anzug";"Schwarz";
"Geometrie";"Winkel";"Dreieck";"Figuren";"Mathematik";"Algebra";
"Zebra";"Schwarz";"Weiß";"Gestreift";"Pferd";"Afrika";
"Bad";"Wanne";"Schwimmen";"Dusche";"Wasser";"Schaum";
"Schlummern";"Nickerchen";"Schlafen";"Müde";"Wecken";"Kissen";
"Zeuge ";"Vorladen";"Gericht";"Augen";"Sehen";"Beweisen";
"Nationalhymne";"Einigkeit";"Fallersleben";"Strophe ";"Singen";"Endspiel";
"Rechtsanwalt";"Verteidiger";"Gericht";"Jurist";"Klage";"Beistand";
"Neapel";"Stadt";"Italien";"Capri";"Sehen";"Sterben";
"Kühler";"Auto";"Motor";"Ventilator";"Frostschutz";"Wasser";
"Garage";"Wagen";"Auto";"Parken";"Haus";"Unterstellen";
"Wahrsager";"Kristallkugel";"Handlesen";"Zukunft";"Horoskop";"Nostradamus";
"Wasserfall";"Niagara";"Wasser";"Stürzen";"übergeben";"Stromschnelle";
"Norwegen";"Land";"Oslo";"Europa";"Skandinavien";"Fjorde";
"Zwitschern";"Vogel";"Piepsen";"Singen";"Geräusch";"Trinken";
"Fünflinge";"Baby";"Kind";"Mehr";"Zwillinge";"Mehrfach";
"Sauer";"Gurke";"Zitrone";"Zusammenziehen";"Wein";"Aufstoßen";
"Baumwolle";"Cotton";"Kleidung";"Stoff";"Unterwäsche";"Socken";
"Tätowierung";"Anker";"Herz";"Haut";"Nadel";"Seemann";
"Geysir";"Springbrunnen";"heiß";"Wasser";"Yellowstone-Park";"Island";
"Kabel";"Fernsehen";"Telegramm";"programmieren";"Tauglich";"Draht";
"Flasche";"Glas";"Wein";"Bier";"Kasten";"Korken";
"Kongress";"Delegierte";"Treffen";"Abgeordnete";"zusammen";"Seminar";
"Null";"Zahl";"Nummer";"Nichts";"Eins";"Zero";
"Motorrad";"Zweirad";"Rocker";"Kawasaki";"Honda";"BMW";
"Speicher";"Dach";"Boden";"Keller";"Wäsche";"Getreide";
"Handschellen";"Detektiv";"Fesseln";"Gelenk";"Schlüssel";"Houdini";
"Mumie";"Ägypten";"Pharao";"einbalsamieren";"einwickeln";"Tot";
"Parkuhr";"Wagen";"Lücke";"Geld";"Füttern";"Verbot";
"Einhorn";"Pferd";"Fabelwesen";"Das letzte";"Geweih";"Kopf";
"Pilger";"Gläubige";"Lourdes";"Wallfahrt";"Kreuz";"Beten";
"Schnell";"Geschwindigkeit";"Tempo";"Eilig";"langsam";"Flott";
"Erdbeere";"Obst";"Früchte";"Rot";"Marmelade";"Torte";
"Rucksack";"tragen";"Rücken";"Beutel";"Wandern";"Schulter";
"Masern";"Windpocken";"Rot";"Flecken";"Kinder";"Bett";
"Spion";"Agent";"Geheimdienst";"James Bond";"Null Null Sieben";"Verräter";
"Gin";"Alkohol";"Tonic";"Eis";"Drink";"Wacholder";
"Zelt";"Indianer";"Camping";"Zirkus";"Haus";"Wohnen";
"Tomahawk";"Indianer";"Rothaut";"Axt";"Hackebeilchen";"Skalp";
"Pferdeschwanz";"Frisur";"Zopf";"Gummiring";"Lang";"Hinten";
"Eule";"Kauz";"Augen";"Kopf";"Vogel";"Athen";
"Kopfschmerzen";"Rasend";"Pillen";"Tabletten";"Aspirin";"Migräne";
"Sekretärin";"Diktat";"Schreibmaschine";"Vorzimmer";"Chef";"Kaffee kochen";"Martin"
"Kegelbahn";"Kugel";"Bowling";"Werfen";"Schere";"Neun";
"Flamingo";"Vogel";"Beine";"Rosa";"Rot";"Lang";
"Strategie";"Taktik";"Plan";"Sandkasten";"Generalstab";"Schach";
"Schaffner";"Bahn";"Fahrkarte";"Ausweis";"Kontrolleur";"Fahrer";
"Büro";"Arbeitsplatz";"Beamter";"Job";"Sekretärin";"Schreibmaschine";
"Asphalt";"Autobahn";"Straße";"Schwarz";"Teer";"Belag";
"Köln";"Stadt";"Rhein";"Dom";"Wasser";"Eau de Cologne";
"Messer";"Schneiden";"Klinge";"Griff";"Gabel";"Scharf";
"Schreibmaschine";"Tasten";"Brief";"Büro";"Sekretärin";"IBM";
"Tarzan";"Urwald";"Dschungel";"Jane";"Cheetah";"Jonny Weismüller";
"Spardose";"Geld";"Kinder";"Einwerfen";"Sammeln";"Münzen";
"Salami";"Wurst";"Scheiben";"Taktik";"ITALIENISCH";"Hart";
"Blase";"Organ";"Sonnenbrand";"Luft";"Fuß";"Laufen";
"Lippenstift";"Mund";"Make-up";"Rot";"Kussecht";"Handtasche";
"Trompete";"Blasen";"Musik";"Töne";"Horn";"Armstrong";
"Umschlag";"Brief";"Kalt";"Heiss";"Waren";"Wickeln";
"Schwester";"Bruder";"Eltern";"Krank";"Pflegen";"Oberin";
"Ranch";"Farm";"Cowboys";"J.R. EWING";"Southfork";"Rinder";
"Hochzeit";"Heirat";"Braut";"Scheidung";"Kirche";"Ringe";
"Klaustrophobie";"Angst";"Eng";"Psychisch";"Gefangen";"Panik";
"Nussknacker";"Suite";"Weihnachten";"Aufmachen";"Beißen";"Kerne";
"Kunde";"kaufen";"König";"Bezahlen";"Bedienen";"Faul";
"Vitamin C";"Ernährung";"Zitrone";"Orangen";"Apotheke";"Skorbut";
"Pflanze";"Grün";"Sauerstoff";"Tier";"Wachsen";"Chlorophyll";
"Holz";"Baum";"Brett";"Ringe";"Maserung";"Verbrennen";
"Orange";"Apfelsine";"Mandarine";"Schälen";"Haut";"Limonade";
"Erde";"Welt";"Globus";"Garten";"Boden";"Mutter";
"Tornado";"Sturm";"Wind";"Orkan";"Wirbel";"Drehen";
"Hochhaus";"Gebäude";"Turm";"Wolkenkratzer";"Riesig";"Empire";
"Purpur";"Rot";"Kardinal";"Mantel";"König";"Farbe";
"Tarantel";"Spinne";"Schwarz";"Beine";"Haarig";"Netz";
"Leiter";"Sprossen";"Klettern";"Feuerwehr";"Chef";"Anführer";
"Halskette";"Perlen";"Armband";"Schmuck";"Umlegen";"Anhänger";
"Kürbis";"Frucht";"Melone";"Laterne";"Kerne";"Dick";
"Handschrift";"Lebenslauf";"Buchstaben";"Maschine";"Gedruckt";"Klaue";"Doktor"
"Asien";"Orient";"China";"Japan";"Morgenland";"Europa";
"Patient";"Krank";"Doktor";"Hospital";"Schwester";"Wartezimmer";
"Professor";"Lehrstuhl";"Fakultät";"Dozent";"Vorlesung";"Zerstreut";
"Röntgen";"Strahlen";"Entdecken";"Hindurch";"Knochen";"Innen";
"Luftpumpe";"Reifen";"Fahrrad";"Auto";"Druck";"Komprimieren";
"Erröten";"Haut";"Peinlich";"Farbe";"Make-Up";"Schämen";
"Strumpfhalter";"Socken";"Festmachen";"Rutschen";"Wäsche";"Bein";
"Schokolade";"Tafel";"Riegel";"Kakao";"Nuss";"Praline";
"Arznei";"Medizin";"Bitter";"Apotheke";"Verschreiben";"Schlucken";
"Scheidung";"Ex";"Heirat";"Trennung";"Tisch";"Auseinander";
"Chirurg";"Arzt";"Skalpell";"operieren";"schneiden";"Krankenhaus";
"Märchen";"Erzählen";"Vorlesen";"Sage";"Grimm";"Andersen";
"Krawatte";"Knoten";"Kragen";"Mann";"Hemd";"Binden";
"Piano";"Flügel";"Tasten";"Musik";"Pedale";"Liberace";
"Hausmeister";"Gebäude";"Schule";"Reinigung";"Schlüssel";"Aufpassen";
"Eifersüchtig";"Flirt";"Nebenbuhler";"Klüngel";"Umdrehen";"Andere";
"Waschmaschine";"Kleidung";"Trommel";"Sauber";"Drehen";"Elektrisch";
"Hitparade";"Schlager";"Lieder";"Volkstümlich";"Radio";"Fernsehen";
"Geländewagen";"Auto";"Querfeldein";"Straße";"Jeep";"Allrad";
"Diät";"Kalorien";"Ernährung";"Abnehmen";"Essen";"Gewicht";
"Regenschirm";"Aufspannen";"Sonne";"Trocken";"nass";"Strand";
"Deich";"Wall";"Wasser";"Graf";"Brechen";"Überschwemmung";
"Rhabarber";"Stengel";"Gemüse";"Kompott";"Sauer";"Durchfall";
"Stammbaum";"Zucht";"Herkunft";"Dokument";"Eltern";"Vorfahren";
"Elektrizität";"Strom";"Plus";"Minus";"Leitung";"Steckdose";
"Fichte";"Tanne";"Nadeln";"Laub";"Weihnachten";"Holz";
"Flieger";"Aeroplan";"Maschine";"Pilot";"Hoch";"Oben";
"Datum";"Jahr";"Monat";"Tag";"Verabredung";"Termin";"Kalender"
"Fußball";"Spiel";"Mannschaft";"Elf";"Einwurf";"Treten";
"Fernrohr";"Teleskop";"Augen";"Sehen";"Nah";"Vergrößern";
"Karate";"Japan";"Boxen";"Hand";"Gürtel";"Dan";
"Gift";"Arsenik";"Schlange";"Ungesund";"Tödlich";"Blausäure";
"Sessel";"Sitzen";"Sofa";"Polsterung";"Weich";"Stuhl";
"Gerücht";WAHR;FALSCH;"Nachrede";"Heimlich";"Flüstern";
"Jacke";"Mantel";"Hemd";"Überziehen";"Hose";"Ärmel";
"Lotto";"Ankreuzen";"Richtige";"6 aus 49";"Zahlen";"Ziehung";
"Cowboy";"Reiten";"Colt";"Hut";"Indianer";"Western";
"Weinen";"Tränen";"Flennen";"Heulen";"Augen";"Traurig";
"Code";"Schlüssel";"Geheim";"Zahl";"Persönlich";"Erkennen";
"Tagtraum";"Denken";"Phantasie";"Wach";"Schlafen";"Wunsch";
"Protest";"Demo";"Widerspruch";"Veto";"Gegen";"Für";
"Knoten";"Krawatte";"Fliege";"Seemann";"Schleife";"Krebs";
"Kölner Dom";"Kirche";"Münster";"Kathedrale";"Turm";"Messe";
"Sirene";"Alarm";"Feuer";"Polizei";"Kojak";"Meerjungfrau";
"Autogramm";"Unterschrift";"Signatur";"Sammeln";"Stars";"Schreiben";
"Weintraube";"Beere";"Lesen";"Rebe";"Pressen";"Rot";
"Drahtseil";"Akrobat";"Tanzen";"Balance";"Gleichheit";"Akt";
"Lagerfeuer";"Brennen";"Camping";"Pfadfinder";"Anzünden";"Holz";
"Frost";"Kalt";"Eis";"Winter";"Wasser";"Beißen";
"Schach";"Spielen";"Turnier";"König";"Matt";64;
"Pille";"Tablette";"Dragee";"Medizin";"Schlucken";"Verhüten";
"Kugelschreiber";"Stift";"Signieren";"Spitze";"Tinte";"Filz";
"Impfen";"Spritze";"Arm";"Immun";"Diphtherie";"Pocken";
"Gespenst";"Geister";"Schloss";"Spuken";"Gerippe";"Erscheinung";
"Gepäckwagen";"Bahn";"Lokomotive";"Zug";"Passagiere";"Post";
"Knöchel";"Gelenk";"Finger";"Hand";"Gebrochen";"Fuß";
"Gourmet";"Genießer";"Essen";"Restaurant";"Speisen";"Delikatessen";
"Schaufel";"Werkzeug";"Hacke";"Loch";"Graben";"Schnee";
"Tatze";"Pfote";"Tier";"Klaue";"Zehen";"Beine";
"Butter";"Fett";"Milch";"Margarine";"Brot";"Schmieren";
"Trommel";"Fell";"Schlagzeug";"Rhythmus";"Stöcke";"Musik";
"Bär";"Braun";"Grizzly";"Kragen";"Ameisen";"Brummen";
"Tief";"Hoch";"Unten";"Barometer";"Wetter";"Sturm";
"Regenbogen";"Über";"Sonne";"Wetter";"Farben";"Prisma";"Goldtopf"
"Telefon";"Anrufen";"Nummer";"Wählen";"Hörer";"Klingeln";
"Diamant";"Edelstein";"Juwel";"Karat";"Brillant";"Kohlenstoff";
"Ehrlichkeit";"Wahrheit";"Lüge";"Vertrauen";"Glauben";"Betrug";
"Sauna";"Finnisch";"Dampf";"Heiss";"Aufguss";"Nackt";
"Ellbogen";"Knochen";"Gelenk";"Arm";"Gesellschaft";"Gebrauchen";
"Fingerabdruck";"Hand";"Kartei";"Polizei";"Identifizieren";"Daumen";
"Hagel";"Regen";"Schnee";"Eis";"Unwetter";"Fallen";
"Doping";"Spritzen";"Hormone";"Sport";"Leistung";"Verboten";
"Revolution";"Regierung";"Stürzen";"Oktober";"November";"Französisch";
"1001 Nacht";"Märchen";"Orient";"Odaliske";"Sindbad";"Erzählen";
"Heino";"Singen";"Gitarre";"Sonnenbrille";"Blond";"Volkslieder";
"Bar";"Drinks";"Alkohol";"Mixer";"Kredit";"Bezahlen";
"Parade";"Marschieren";"Vorbei";"Schützen";"Roter Platz";"Fechten";
"Katastrophe";"Unglück";"Viele";"Schaden";"Gross";"Schlagzeile";
"Kachel";"Keramik";"Wand";"Windows";"Bemalt";"Fliese";
"Watte";"Wolle";"Weich";"Verband";"Stäbchen";"Tupfen";
"Störtebeker";"Pirat";"Hinrichten";"Enthaupten";"Köpfen";"Retten";
"Direktor";"Chef";"Boss";"Vorstand";"Etage";"Sekretärin";
"Treibhaus";"Effekt";"Glas";"Pflanzen";"Grün";"Tomaten";
"Retorte";"Glas";"Chemie";"Labor";"Experiment";"Phiole";
"Kupplung";"Verbinden";"Motor";"Getriebe";"Treten";"Schleifen";
"Illustrierte";"Stern";"Quick";"Zeitschrift";"Bilder";"Lesen";
"Büroklammer";"Metall";"Draht";"Papier";"Heften";"Verbiegen";
"Teddybär";"Spielzeug";"Schmusen";"Ausgestopft";"Schlafen";"Steif";
"Museum";"Kunst";"Ausstellung";"Sammlungen";"Gebäude";"Naturkunde";
"Abfall";"Übrig";"Reste";"Verwerfen";"Eimer";"Tonne";
"Groß";"Eltern";"Wesir";"Veranstaltung";"Grand";"Klein";
"Schraubenzieher";"Dreher";"Fest";"Heraus";"Kreuz";"Schlitz";"Werkzeug"
"Weizen";"Korn";"Getreide";"Ähre";"Brot";"Keim";
"Bikini";"Badeanzug";"Zweiteilig";"Atoll";"Schwimmen";"Atom";
"Einladung";"Fest";"Offiziell";"UAWG";"Party";"Aussprechen";
"Mikrowelle";"Herd";"Speisen";"Essen";"Kochen";"Schnell";
"Antik";"Alt";"Wertvoll";"Sammeln";"Möbel";"Markt";
"Kakerlake";"Insekt";"Schabe";"Küche";"Bäckerei";"Huschen";
"Linoleum";"Boden";"Belag";"Teppich";"Bohnern";"Füße";
"Minirock";"Kurz";"Kleidung";"Beine";"Midi";"Mode";
"Kommissar";"Polizei";"Krimi";"Dienstgrad";"Befördern";"Detektiv";
"Berliner Weiße";"Bier";"Obergärig";"Schuss";"Himbeere";"Berlin";
"Minister";"Regierung";"Ressort";"Ernennen";"Amtseid";"Kabinett";
"Giraffe";"Tier";"Hals";"Gross";"Afrika";"Gefleckt";
"Braun";"Farbe";"Spektrum";"Regenbogen";"Bär";"Bomber";
"Andy Warhol";"Künstler";"Pop-Art";"Malen";"Suppendose";"Museum";
"Millionär";"Reich";"Geld";"Milliardär";"Buberts";"Lotto";
"Gedicht";"Reim";"Verse";"Lyrik";"Wörter";"Poet";
"Bart";"Mann";"Simpson";"Gesicht";"Haare";"Rasieren";
"Bambi";"Tier";"Reh";"Kitz";"Disney";"verleihen";
"Überraschung";"Geburtstag";"Erwarten";"Party";"Erstaunen";"Geschenk";
"Sattel";"Pferd";"Steigbügel";"Leder";"Sitzen";"Reiten";
"Biene";"Summen";"Honig";"Emsig";"Insekt";"Königin";
"Ungeziefer";"Kakerlake ";"Kammerjäger";"Spray";"Insekt";"Vernichten";
"Bizarr";"Fremd";"Ungewöhnlich";"Eigenartig";"Seltsam";"Abartig";
"Symphonie";"Orchester";"Konzert";"Klassisch";"Beethoven";"Musik";
"Publikum";"Zuhörer";"Eintritt";"Sitzen";"Fans";"Applaus";
"Fass";"Holz";"Aluminium";"Bier";"Wein";"Dauben";
"Handball";"Werfen";"Fuß";"Halle";"Feld";"Mannschaft";
"Universität";"Hochschule";"Professor";"Fakultät";"Dekan";"Studieren";
"Schiedsrichter";"Pfeife";"Schwarz";"Entscheiden";"Sport";"Unparteiisch";
"Cola";"Trinken";"Erfrischen";"Limonade";"Coke";"Pepsi";"Erik"
"Mosel";"Rhein";"Fluss";"Wein";"Winzer";"Reben";
"Pfund";"Gewicht";"Kilo";"Gramm";"England";"Zentner";
"Sonnenblume";"Gelb";"Samen";"Pflanze";"Margarine";"Wachsen";
"Detektiv";"Privat";"Polizei";"Ermitteln";"Beobachten";"Beschatten";
"Total";"Alle";"Gesamt";"Komplett";"Vollständig";"Absolut";"Tankstelle"
"Steuer";"19 Prozent";"Einkommen";"Abgaben";"Mehrwert";"Lenkrad";
"Schinken";"Schwein";"Eier";"Spargel";"Fleisch";"Speck";
"Lob";"Leistung";"Rüge";"Belohnen";"Anerkennung";"Tennis";
"Bandit";"Räuber";"Schinderhannes";"Überfallen";"Maske";"Stehlen";
"Singen";"Schmettern";"Lied";"Strophe";"Vögel";"Noten";
"Schlagzeile";"Meldung";"Titelseite";"Sensation";"Dick";"Fett";
"Adamsapfel";"Hals";"Kehle";"Eva";"Birne";"Hüpfen";
"Becher";"Tasse";"Trinken";"Steingut";"Henkel";"Bier";
"Schweiz";"Konto";"Land";"Kantone";"Zürich";"Käse";
"Witz";"Humor";"Pointe";"Lachen";"Seite";"Blatt";
"Anzeige";"Inserat";"Zeitung";"Stellen";"Wohnung";"Polizei";
"Leuchtturm";"Meer";"Gefährlich";"Hoch";"Lampe";"Blinken";
"Botschafter";"Politik";"Ausland";"Vertreten";"Konsul";"Vereinte Nationen";
"Quelle";"Ursprung";"Fluss";"Bach";"Wasser";"Mineral";
"Billard";"Partie";"Tisch";"Karambolage";"Queue";"Pool";
"Tauchen";"Wasser";"Unten";"Flossen";"Luft";"Schwimmen";
"Wohlhabend";"Reich";"Millionär";"Geld";"Überfluss";"Arm";
"Roh";"Ungekocht";"Ei";"Brutal";"Öl";"Gar";
"Maskottchen";"Glücksbringer";"Amulett";"Abergläubisch";"Hasenpfote";"Pech";
"Akupunktur";"Nadeln";"Chinesisch";"Asiatisch";"Punkte";"Stechen";
"Klippe";"Felsen";"Berg";"Kante";"Abhang";"Stürzen";
"Schneesturm";"Blizzard";"Winter";"Eis";"Wind";"Alaska";
"Bigamist";"Ehemann";"Frau";"Scheidung";"Zwei";"Heiraten";
"Springbrunnen";"Wasser";"Fontäne";"Park";"Schloss";"Spritzen";
"Lesen";"Schreiben";"Zeitung";"Buch";"Erbsen";"Hand";
"Banane";"Frucht";"Krumm";"Gelb";"Urwald";"Affe";
"Bürgermeister";"Leiter";"Landrat";"Stadt";"Gemeinde";"Rathaus";
"Kanu";"Boot";"Indianer";"Paddeln";"Kajak";"Wasser";
"Thermometer";"Fieber";"Messen";"Celsius";"Fahrenheit";"Grad";
"Tischtennis";"Ball";"Platte";"Netz";"Zelluloid";"Ping Pong";
"Würgen";"Hals";"Mörder";"Ersticken";"Drücken";"Luft";
"Rennbahn";"Pferde";"Auto";"Nürburgring";"Laufen";"Start";
"Drachen";"Steigen";"Schnur";"Wind";"Herbst";"Fabelwesen";
"Der rote Platz";"Moskau";"Kremlin";"Kommunisten";"Russland";"Parade";
"Jucken";"Haut";"Kratzen";"Reiben";"Insektenstich";"Entzündung";
"Schreiner";"Tischler";"Holz";"Hobeln";"Beruf";"Möbel";
"Chef";"Vorgesetzter";"Untergeben";"Über";"Bruce Springsteen";"Chef";
"Aachen";"Stadt";"Grenze";"Holland";"Printen";"Deutsch";
"Schimmel";"Weiss";"Grün";"Pferd";"Brot";"Pilz";
"Ölfarbe";"Malen";"Bild";"Schinken";"Palette";"Anstreichen";
"Hippie";"Langhaarig";"Blumenkind";"Leben";"Anders";"Woodstock";
"Installateur";"Verstopft";"Toilette";"Rohre";"Löten";"Leitungen";
"Insel";"Wasser";"Meer";"Eiland";"Einsam";"Robinson";
"U-Boot";"Tauchen";"Schiff";"Torpedo";"Sehrohr";"Wasserbombe";
"Schokolade";"Kakao";"Plätzchen";"Süss";"Braun";"Milch";
"Schreiben";"Lesen";"Tinte";"Buchstaben";"Wörter";"Brief";
"Venus";"Liebe";"Göttin";"Planet";"Morgenstern";"Messe";
"Pokal";"Trophäe";"Sieg";"Verleihen";"Fussball";"Europa";
"Imitator";"Tierstimmen";"Nachmachen";"Original";"Kopie";"Politiker";
"Karussel";"Jahrmarkt";"Rummel";"Kinder";"Rundherum";"Kreis";
"Rüstung";"Ritter";"Metall";"Eisen";"Schutz";"Anzug";
"Rolltreppe";"Unten";"Oben";"Kaufhaus";"Flughafen";"Bahnhof";
"Anatomie";"Körperbau";"Wissenschaft";"Autopsie";"Schneiden";"Medizin";
"Cocktail";"Getränk";"Mixen";"Bar";"Molotow";"Krabben";
"Königin";"Prinz";"Kaiser";"Frau";"Elisabeth";"Monarch";
"Note";"Musiker";"Lesen";"Fuss";"Schreiben";"Töne";
"Gehalt";"Lohn";"Einkommen";"Geld";"Arbeit";"Bank";
"Pyramide";"Ägypten";"Pharao";"Grab";"Geometrisch";"Sptiz";
"Arsen";"Gift";"Spitzenhäubchen";"Mord";"Töten";"Sterben";
"Ruine";"Burg";"Gebäude";"Verfallen";"Besichtigungen";"Kaputt";
"Berlin";"Mauer";"Checkpoint";"Geteilt";"Brandenburg";"Spree";"Arbeit"
"Vogelscheuche";"Stroh";"Vögel";"Feld";"Acker";"Verjagen";
"Wald";"Bäume";"Förster";"Holz";"Wachsen";"Schonung";
"Iglu";"Eskimo";"Schnee";"Eis";"Haus";"Wohnen";
"Schmetterling";"Flattern";"Fliegen";"Flügel";"Bunt";"Insekt";
"Dunkelkammer";"Fotograf";"Bilder";"Entwickeln";"Licht";"Film";
"Komet";"Stern";"Schweif";"Himmel";"Halley";"Schwanz";
"Hamster";"Haustier";"Backen";"Körner";"Käfig";"Rad";
"Nachthemd";"Frauen";"Verführerisch";"Neglige";"Bett";"Tragen";
"Marathonlauf";"Rennen";"Langstrecke";"Kilometer";"Olympisch";"Disziplin";
"Kloster";"Nonne";"Schwestern";"Mönch";"Abt";"Religion";
"Allergie";"Schnupfen";"Nase";"Niesen";"Heu";"Pollen";
"Magen";"Essen";"Speise";"Verdauen";"Säure";"Organ";
"Staub";"Dreck";"Schmutz";"Saugen";"Wischen";"Möbel";
"Hubschrauber";"Rotor";"Flugzeug";"Fliegen";"Schweben";"Propeller";
"Ameise";"Emsig";"Haufen";"Säure";"Krabbeln";"Insekt";
"Blass";"Farbe";"Bleich";"Blutleer";"Gesicht";"Rot";
"Galerie";"Gemälde";"Kunst";"Bilder";"Museum";"Vernissage";
"Ehebruch";"Heiraten";"Affäre";"Untreue";"Fremdgehen";"Braut";
"Absatz";"Verkauf";"Schuh";"Hinten";"Stiefel";"Treppe";
"Kind";"Baby";"Minderjährig";"Eltern";"Mutter";"Klein";
"Elfenbein";"Knochen";"Zahn";"Weiss";"Klavier";"Elefant";
"Zufall";"Unerwartet";"Unverhofft";"Ereignis";"Chance";"Wahrscheinlich";
"Jubiläum";"Jahr";"Wiederholung";"Lange";"Feiern";25;
"Korken";"Stöpsel";"Verschliessen";"Flasche";"Rinde";"Eiche";
"Neujahr";"Silvester";"Januar";"Erster";"Mitternacht";"Feuerwerk";
"Kutte";"Mönch";"Bruder";"Abtei";"Kloster";"Kleidung";
"Schalldämpfer";"Auto";"Geräusch";"Leise";"Laut";"Schiessen";
"Wörterbuch";"Nachschlagen";"Duden";"Lexikon";"Übersetzen";"Sprache";
"Gehirn";"Kopf";"Denken";"Intelligenz";"Windungen";"Spatzen";
"Holland";"Land";"Westen";"Amsterdamm";"Tulpen";"Käse";
"Zopf";"Haare";"Flechten";"Schwänzchen";"Mädchen";"Alt";
"Unsterblich";"Immer";"Ewig";"Töten";"Leben";"Friedhof";
"Zebrastreifen";"Fussgänger";"Kreuzung";"Auto";"Weiss";"Tier";
"Astronaut";"Raumfahrer";"Kosmonaut";"Rakete";"Space Shuttle";"Weltall";
"Bahnhof";"Zug";"Wartesaal";"Fahrplan";"Gleise";"Zurücktreten";
"Schäferhund";"Tier";"Beine";"Schwanz";"Bellen";"Polizei";
"Prater";"Wien";"Kirmes";"Riesenrad";"Bäume";"Rummel";
"Helgoland";"Insel";"Felsen";"Deutschlandlied";"Tauschen";"Nordsee";
"New York";"Usa";"Amerika";"Stadt";"Freiheitsstatue";"Wolkenkratzer";
"Kanüle";"Spritze";"Nadel";"Hohl";"Stechen";"Schwester";
"Glühbirne";"Einschrauben";"Gewinde";"Glas";"Osram";"Durchbrennen";
"Beruf";"Anstellung";"Job";"Karriere";"Arbeit";"Geld";
"Reise";"Trip";"Ausflug";"Urlaub";"Abenteuer";"Zu Hause";
"Zahnarzt";"Mund";"Dentist";"Schmerzen";"Bohren";"Gebiss";
"China";"Asien";"Porzellan";"Gelb";"Drachen";"Stäbchen";
"Phantasie";"Traum";"Vorstellung";"Einbildung";"Irreal";"Fiktion";
"Köder";"Angeln";"Haken";"Würmer";"Falle";"Käse";
"Neon";"Röhre";"Licht";"Edelgas";"Fische";"Reklame";
"Konserven";"Dose";"Speisen";"Öffnen";"Haltbar";"Thunfisch";
"Landkarte";"Suchen";"Finden";"Kompass";"Weg";"Atlas";
"Pommes Frites";"Kartoffeln";"Chips";"Mayonnaise";"Ketchup";"Hamburger";
"Metzger";"Fleischer";"Schlachter";"Wurst";"Messer";"Laden";
"Seemann";"Popeye";"Marine";"Schiff";"Kapitän";"Tätowieren";
"Orbit";"Erde";"Weltall";"Kreis";"Satellit";"Ohne Zucker";
"Klammern";"Wäsche";"Wundern";"Boxer";"Festhalten";"Eng";
"Ketchup";"Tomate";"Pommes Frites";"Fondue";"Sosse";"Gewürz";
"Bluse";"Hemd";"Knöpfe";"Seide";"Kleidung";"Jacke";
"Taxi";"Mietwagen";"Fahren";"Verkehr";"Uhr";"Einsteigen";
"Poker";"Karten";"Spiel";"Full House";"Einsatz";"Gesicht";
"Strand";"Küste";"Urlaub";"Sand";"Wellen";"Wasser";
"Trampolin";"Sport";"Springen";"Matte";"Federn";"Hoch";
"Bass";"Tief";"Stimme";"Instrument";"Elektrisch";"Tenor";
"Pose";"Haltung";"Geziert";"Modell";"Bild";"Figur";
"Zugspitze";"Berg";"Alpen";"Bahn";"Hoch";"Steigen";
"Toilette";"Klo";"Häuschen";"Abtritt";"Latrine";"Sitzen";
"Düse";"Eng";"Wasser";"Vergaser";"Spritzen";"Rohr";
"Hafen";"Schiff";"Dock";"Hamburg";"Flug";"Braut";
"Senf";"Mostrich";"Würstchen";"Scharf";"Gewürz";"Gelb";
"Kerze";"Docht";"Wachs";"Licht";"Anzünden";"Weihnachten";
"Flagge";"Fahne";"Standarte";"Wehen";"Zeigen";"Sheldon";
"Tor";"Scheune";"Haus";"Ball";"Netz";"Pfosten";
"Hypothek";"Bank";"Sparkasse";"Bauen";"Belastung";"Abzahlen";
"Schälen";"Kartoffeln";"Banane";"Haut";"Apfelsine";"Entfernen";
"Maikäfer";"Insekt";"Juni";"Engerling";"Braun";"Monat";
"Nachttopf";"Geschirr";"Bett";"Machen";"Henkel";"Ausschütten";
"Helmut Kohl";"Kanzler";"Regierung";"Bonn";"Einheit";"Ich bin‘s wieder";
"Hering";"Fisch";"Sauer";"Laich";"Essen";"Bismarck";
"Omnibus";"Auto";"Nahverkehr";"Strassenbahn";"Haltestelle";"Fahrer";
"Tresor";"Safe";"Geldschrank";"Knacken";"Schweissen";"Bank";
"Kopfhörer";"Radio";"Walkman";"Lauschen";"Ohren";"Muschel";
"Briefmarke";"Freimachen";"Lecken";"Album";"Post";"Zähne";
"Niesen";"Staub";"Gesundheit";"Kalt";"Pfeffer";"Nase";
"Rülpsen";"Baby";"Essen";"Luft";"Aufstossen";"Schlucken";
"Amtsantritt";"Präsident";"Kanzler";"Minister";"Eid";"Zeremonie";
"Blumenstrauß";"Gebinde";"Florist";"Mitbringen";"Krankenhaus";"Hausfrau";
"Spülmaschine";"Haushalt";"Säubern";"Reinigen";"Geschirr";"Teller";
"Halle";"Haus";"Saal";"Gross";"Geräumig";"Konzert";
"Stoppeln";"Haar";"Bart";"Rasieren";"Feld";"Kurz";
"Öl";"Petroleum";"Bohren";"Olive";"Auto";"Sadine";
"Wohnung";"Heim";"Haus";"Leben";"Adresse";"Aufenthalt";
"Zahnspange";"Gebiss";"Gerade";"Krumm";"Metall";"Lächeln";
"Armband";"Kette";"Schmuck";"Gold";"Anhänger";"Hand";
"Sarg";"Tot";"Gestorben";"Grab";"Friedhof";"Leiche";
"Feuerwerk";"Himmel";"Rakete";"Bunt";"Silvester";"Neujahr";
"Neugier";"Wissen";"Geheimnis";"Katze";"Fragen";"Nase";
"Zoll";"Grenze";"Schmuggeln";"Douane";"Zentimeter";"Bezahlen";
"Fingerabdruck";"Hand";"Verbrecher";"Abnehmen";"Kartei";"Kriminalpolizer";
"Steigbügel";"Füsse";"Reiten";"Sattel";"Pferd";"Cowboy";
"Flipper";"Delphin";"Wasser";"Zoo";"Fernsehen";"Serie";
"Spinnweben";"Insekt";"Fangen";"Falle";"Fäden";"Kleben";
"Schlüssel";"Schloss";"Bart";"Umdrehen";"Tür";"Öffnen";
"Erwachsen";"Alt";"Jung";"Volljährig";18;"Wahlberechtigt";
"Bank";"Park";"Sitzen";"Geld";"Hobeln";"Institut";
"Rauch";"Melder";"Feuer";"Pfeife";"Zigarette";"Anzünden";
"Buche";"Eiche";"Baum";"Ecker";"Blut";"Suchen";
"Anker";"Schiff";"Hafen";"Werfen";"Uhr";"Lichten";
"Füttern";"Tier";"Baby";"Verboten";"Zoo";"Computer";
"Lager";"Pfadfinder";"Camp";"Feuer";"Gefangen";"Kugel";
"Hausschuhe";"Pantoffel";"Pantinen";"Bequem";"Füsse";"Schlüpfen";
"Australien";"Kontinent";"Bumerang";"Känguruh";"Ayer‘s Rock";"Erdteil";
"Nicken";"Kopf";"Ja";"Zustimmung";"Nein";"Bestätigen";
"Feder";"Vogel";"Daune";"Weich";"Leicht";"Schreiben";
"Flunder";"Scholle";"Fisch";"Flach";"Platt";"Seite";
"Hemd";"Bluse";"Hose";"Jacke";"Kragen";"T-Shirt";
"Blind";"sehen";"dunkel";"Augen";"Fledermaus";"Maulwurf";
"Kamikaze";"Selbstmord";"Pilot";"Flugzeug";"Japan";"Stürzen";
"Dresden";"Stadt";"Zwinger";"Frauenkirche";"August";"Sachsen";
"Teilung";"Multiplikation";"Bruch";"Zahlen";"Deutsch";"Separat";
"Verderben";"Umkommen";"Frisch";"Rennen";"Unheil";"Haltbar";
"Torpedo";"U-Boot";"Aal";"Unter";"Wasser";"Schiff";
"Luftschloss";"Bauen";"Phantasie";"Wunsch";"Traum";"Utopie";
"Haupt";"Organ";"Poren";"Haare";"Drüsen";"Milch";
"Brutal";"Roh";"Gemein";"Verletzen";"Verbrecher";"Rücksichtslos";
"Berg";"Hügel";"Alpen";"Gipfel";"Klettern";"Butter";
"Klinge";"Stahl";"Rostfrei";"Scharf";"Messer";"Solingen";
"Eisschrank";"Kühl";"Kalt";"Temperatur";"Speisen";"Küche";
"Alligator";"Krokodil";"Florida";"Tier";"Reptil";"Zähne";
"Wahl";"Lokal";"Urne";"Kreuz";"Qual";"Kandidat";
"Flugzeug";"Flügel";"Propeller";"Düse";"Jet";"Pilot";
"Haken";"Angel";"Sache";"Schlagen";"Bild";"Boxen";
"Nudeln";"Italien";"Kartoffeln";"Spaghetti";"Maccaroni";"Carbonara";
"Sprungschanze";"Ski";"Anlauf";"Fliegen";"Winter";"Neujahr";
"Radium";"Zerfallen";"Curie";"Strahlen";"Element";"Alpha";
"Teufel";"Satan";"Luzifer";"Hölle";"Engel";"Menschengestalt";
"Akkordeon";"Instrument";"Musik";"Konzertina";"Harmonika";"Luft";
"Unterschrift";"Signatur";"Autogramm";"Scheck";"Name";"Ausweis";
"Urlaub";"Ferien";"Pause";"Erholung";"Sommer";"Reisen";
"Fett";"Öl";"Schmieren";"Butter";"Margarine";"Dick";
"Zahn";"Dentist";"Gebiss";"Schneiden";"Weisheit";"Ziehen";
"Frankfurt";"Stadt";"Zwei";"Main";"Oder";"Börse";
"Ernte";"Herbst";"Heu";"Pflücken";23;"Säen";
"Hammer";"Kopf";"Stiel";"Eisen";"Gummi";"Schlagen";
"Leichenstarre";"Körper";"Tot";"Steif";"Beweglich";"Nach";
"Tropfstein";"Höhle";"Stalagtit";"Stalagmit";"Hängen";"Kalk";
"Kreditkarte";"Plastik";"Geld";"Einkaufen";"Bezahlen";"Nachher";
"Bundeswehr";"Soldaten";"Einziehen";"Verweigern";"Nato";"Verteidigung";
"Luftmatratze";"Camping";"Bett";"Liegen";"Aufblasen";"Baden";
"Säge";"Werkzeug";"Fuchsschwanz";"Späne";"Zähne";"Holz";
"Durst";"Hunger";"Trinken";"Wüste";"Wasser";"Löschen";
"Garage";"Auto";"Parken";"Unterstellen";"Fahrzeug";"Haus";
"Verkleidung";"Anziehen";"Tarnung";"Karneval";"Agent";"Detektiv";
"Eiche";"Wald";"Baum";"Deutsch";"Laub";"Weichen";
"Himalaya";"Tibet";"Berge";"Everest";"Hoch";"Gipfel";
"Elch";"Hirsch";"Tier";"Wald";"Norden";"Schaufel";
"Ente";"Vogel";"Wasser";"Erpel";"Watscheln";"Zeitung";
"Klopapier";"Rolle";"Blatt";"Lagen";"Perforiert";"Toilette";
"Bratpfanne";"Fleisch";"Kartoffeln";"Topf";"Eisen";"Stiel";
"Kirche";"Turm";"Glocken";"Pastor";"Gebet";"Gott";
"Bohrer";"Spirale";"Schlag";"Millimeter";"Loch";"Durch";
"Krankenwagen";"Unfall";"Sanitäter";"Blaulicht";"Sirene";"Vorfahrt";
"Oben";"Unten";"Hinauf";"Berg";"Treppe";"Dach";
"Rasen";"Mähen";"Gras";"Park";"Tennis";"Wimbledon";
"Kessel";"Wurst";"Tee";"Wasser";"Kochen";"Dampf";
"Grabstein";"Monument";"Friedhof";"Beerdigen";"Inschrift";"Datum";
"Ofen";"Herd";"Feuer";"Kochen";"Küche";"Heiss";
"Athen";"Stadt";"Griechenland";"Akropolis";"Weisse Rosen";"Eulen";
"Blut";"Saft";"Rot";"Spenden";"Übertragung";"Konserve";
"Roman";"Buch";"Geschichte";"Autor";"Krimi";"Schreiben";
"Lösegeld";"Entführung";"Zahlen";"Scheine";"Erpressung";"Ungebraucht";
"Anruf";"Telefon";"Gespräch";"Klingeln";"Hallo";"Wählen";
"Eidechse";"Reptil";"Schlange";"Salamander";"Krokodil";"Alligator";
"Katalog";"Buch";"Waren";"Versandhaus";"Messe";"Drucken";
"Maurer";"Bauen";"Steine";"Wand";"Haus";"Mörtel";
"Springen";"Frosch";"Känguruh";"Glas";"Hoch";"Weit";
"Maske";"Gesicht";"Karneval";"Fasching";"Venedig";"Schönheit";
"Kaktus";"Pflanze";"Stacheln";"Wüste";"Unrasiert";"Blätter";
"Sputnik";"Satellit";"Orbit";"Russisch";"Sowjets";"Weltall";
"Allein";"Einsam";"Insel";"Robinson";"Nur";"Solo";
"Halstuch";"Schal";"schultern";"Umbinden";"Krawatte";"Cowboy";
"Streiten";"Kämpfen";"Diskutieren";"Auseinandersetzung";"Gegen";"Zwischen";
"Brathähnchen";"Gockel";"Grill";"Gummiadler";"Flügel";"Broiler";
"Schlauch";"Wasser";"Garten";"Feuerwehr";"Reifen";"Durch";
"Korb";"Flechten";"Weide";"Picknick";"Ablehnen";"Ball";
"Schüchtern";"Zurückhaltend";"Scheu";"Introvertiert";"Reh";"Versuch";
"Kreuzfahrt";"Seereise";"Schiff";"Dampfer";"Deck";"Kabine";
"Zuckerstange";"Kinder";"Süss";"Lecken";"Rot";"Gestreift";
"Aussicht";"Schön";"Weit";"Berg";"Fern";"Hoffnung";
"Jungfrau";"Mädchen";"Unberührt";"Heilig";"Maria";"Rein";
"Fälschung";"Kopie";"Bilder";"Geld";"Nachmachen";"Tagebücher";
"Kellner";"Restaurant";"Bedienen";"Speisekarte";"Rechnung";"Ober";
"Ring";"Finger";"Gold";"Verlobung";"Ehe";"Tausch";
"Chauffeur";"Fahren";"Auto";"Uniform";"Mercedes";"Mütze";
"Spatz";"Vogel";"Sperling";"Stadt";"Pferdeäpfel";"Klein";
"Fingerhut";"Nähen";"Nadel";"Metall";"Schützen";"Stechen";
"Verabredung";"Treffen";"Zeit";"Zahnarzt";"Freundin";"Blumen";
"Explodieren";"Detonieren";"Granate";"Bombe";"Dynamit";"Sprengen";